{"cameraMode":{"drawMode":0,"name":"Shaded","section":"Shading Mode"},"sceneLighting":true,"audioPlay":false,"sceneViewState":{"m_AlwaysRefresh":false,"showFog":true,"showSkybox":true,"showFlares":true,"showImageEffects":true,"showParticleSystems":true,"showVisualEffectGraphs":true,"m_FxEnabled":true},"in2DMode":false,"pivot":{"x":-16.18000030517578,"y":4.090000152587891,"z":17.94999885559082},"rotation":{"x":0.10523602366447449,"y":-0.49621832370758059,"z":0.060744915157556537,"w":0.8596605062484741},"size":12.12435531616211,"orthographic":false}